<?xml version="1.0" encoding="UTF-8"?>
<document id="DDI-DrugBank.d417">
    <sentence id="DDI-DrugBank.d417.s0" text="Netilmicin should not be administered concomitantly with potent loop diuretics such as furosemide and ethacrynic acid as the potential for ototoxicity is enhanced by the combination.">
        <entity id="DDI-DrugBank.d417.s0.e0" charOffset="0-9"
            type="drug" text="Netilmicin"/>
        <entity id="DDI-DrugBank.d417.s0.e1" charOffset="64-77"
            type="group" text="loop diuretics"/>
        <entity id="DDI-DrugBank.d417.s0.e2" charOffset="87-96"
            type="drug" text="furosemide"/>
        <entity id="DDI-DrugBank.d417.s0.e3" charOffset="102-116"
            type="drug" text="ethacrynic acid"/>
        <pair id="DDI-DrugBank.d417.s0.p0" e1="DDI-DrugBank.d417.s0.e0"
            e2="DDI-DrugBank.d417.s0.e1" ddi="true" type="advise"/>
        <pair id="DDI-DrugBank.d417.s0.p1" e1="DDI-DrugBank.d417.s0.e0"
            e2="DDI-DrugBank.d417.s0.e2" ddi="true" type="advise"/>
        <pair id="DDI-DrugBank.d417.s0.p2" e1="DDI-DrugBank.d417.s0.e0"
            e2="DDI-DrugBank.d417.s0.e3" ddi="true" type="advise"/>
        <pair id="DDI-DrugBank.d417.s0.p3" e1="DDI-DrugBank.d417.s0.e1"
            e2="DDI-DrugBank.d417.s0.e2" ddi="false"/>
        <pair id="DDI-DrugBank.d417.s0.p4" e1="DDI-DrugBank.d417.s0.e1"
            e2="DDI-DrugBank.d417.s0.e3" ddi="false"/>
        <pair id="DDI-DrugBank.d417.s0.p5" e1="DDI-DrugBank.d417.s0.e2"
            e2="DDI-DrugBank.d417.s0.e3" ddi="false"/>
    </sentence>
</document>
